[{"rType":"asset","rSubType":"image","fileName":"unsplash.jpg","fileSize":0,"val":"mc-89344eff914232b184e416af2d705a63.jpg","aid":"MyMRXxQLPD","size":329717},{"rType":"asset","rSubType":"image","fileName":"unsplash.jpg","fileSize":0,"val":"mc-aae002798370cfb7d115a97bb8a2ba89.jpg","aid":"_zaBLcvlv9","size":172374},{"rType":"asset","rSubType":"image","fileName":"thanks.jpg","fileSize":221157,"val":"mc-91234b155dbcbd9c1d9d2f6dca3ba298.jpg","aid":"9rMYpsklYN","size":221157},{"rType":"asset","rSubType":"image","fileName":"unsplash.jpg","fileSize":0,"val":"mc-fef853b1973cd84967676d07de4c2d05.jpg","aid":"3oPqUlA8V4","size":128849},{"rType":"asset","rSubType":"image","fileName":"unsplash.jpg","fileSize":0,"val":"mc-2bdf984123efbaf1c6a58561c28ae404.jpg","aid":"Xi88XZPJid","size":1095400},{"rType":"asset","rSubType":"image","fileName":"unsplash.jpg","fileSize":0,"aid":"TndjzPO6FU","val":"mc-6fad3e24bc7585320396fbcdbe08d16e.jpg","size":91834},{"rType":"asset","rSubType":"image","fileName":"unsplash.jpg","fileSize":0,"val":"mc-bdcd8502d33ea8a35aa6bb44941f25f8.jpg","aid":"ztx1my_ob9","size":48375},{"rType":"asset","rSubType":"image","fileName":"unsplash.jpg","fileSize":0,"val":"mc-8dd99deb26f95c2947116cad03131e5e.jpg","aid":"UDnwD7WKHg","size":198331},{"rType":"asset","rSubType":"image","fileName":"unsplash.jpg","fileSize":0,"val":"mc-aae002798370cfb7d115a97bb8a2ba89.jpg","aid":"0HnBvr8YAFD","size":172374},{"rType":"asset","rSubType":"image","fileName":"unsplash.jpg","fileSize":0,"val":"mc-fb28f7f7f155f1a6430b9d5f7524174e.jpg","aid":"4YhDDSi02OO","size":294290}]