{"i":{"Rxu6TBGL7":{"id":"Rxu6TBGL7","type":"slide","setup":{"transparentBg":{"selectedKey":false},"bord":{"size":0,"rad":0},"bg":{"selectedKey":"image","fill":{"opac":1,"rgb":"var(--TC3)"},"img":{"filt":{"opac":100,"gray":0,"blur":0,"tint":{"rgb":"var(--TC1)","opac":0.05,"blendMode":"normal"}},"pos":{"type":"crop","fit":{"bg":{"color":{"rgb":"#FFF","opac":100}},"vali":"center","hali":"center"},"crop":{"poi":{"x":582,"y":462}}},"measures":{"size":{"width":1080,"height":717}},"orig":{"rType":"asset","rSubType":"image","fileName":"unsplash.jpg","fileSize":0,"val":"mc-8dd99deb26f95c2947116cad03131e5e.jpg","aid":"UDnwD7WKHg"}}}}},"oHpDo3HQRh":{"id":"oHpDo3HQRh","type":"interactive","subtype":"interactiveLinkedImages","setup":{"imgs":{"i":{"BJYTwSSKM":{"type":"image","id":"BJYTwSSKM","style":{"selectedKey":"textOverlapping"},"txtBg":{"fill":{"opac":0.9,"rgb":"var(--TC3)"}},"bg":{"selectedKey":"fill","fill":{"opac":0,"rgb":"#FFF"}},"name":{"rType":"text","val":"Question 1"},"desc":{"rType":"richtext","val":{"ops":[{"insert":"What attitude corresponds","attributes":{"color":"var(--TC2)"}},{"insert":"\n","attributes":{"size":"large"}},{"insert":"\"We are empathic\"?","attributes":{"color":"var(--TC2)"}},{"insert":"\n","attributes":{"size":"large"}},{"insert":" ","attributes":{"color":"var(--TC2)"}},{"insert":"\n","attributes":{"size":"huge"}},{"insert":"I explain to my clients how new digital solutions can help them make better decisions.","attributes":{"color":"var(--TC2)"}},{"insert":"\n","attributes":{"size":"medium"}},{"insert":" ","attributes":{"color":"var(--TC2)"}},{"insert":"\n","attributes":{"size":"medium"}},{"insert":"I take the necessary time to explain to my clients how new digital solutions can help them make better decisions.","attributes":{"color":"var(--TC2)"}},{"insert":"\n","attributes":{"size":"medium"}},{"insert":" ","attributes":{"color":"var(--TC2)"}},{"insert":"\n","attributes":{"size":"medium"}},{"insert":"I take the necessary time to explain to my clients which decision is the best for both of us.","attributes":{"color":"var(--TC2)"}},{"insert":"\n\n","attributes":{"size":"medium"}}]},"hali":"left","padd":65,"paddV1":60},"e":{"i":{"Hkf8uHSYG":{"type":"element","id":"Hkf8uHSYG","link":{"val":"S13edSBFz","selectedKey":"image"},"animation":{"selectedKey":"fade"},"pos":{"x":74,"y":416},"icon":{"selectedKey":3},"size":{"selectedKey":"m"},"iconColor":{"opac":1,"rgb":"var(--TC4)"}},"BJeOuHHKG":{"type":"element","id":"BJeOuHHKG","link":{"val":"S13edSBFz","selectedKey":"image"},"animation":{"selectedKey":"fade"},"pos":{"x":74,"y":760},"icon":{"selectedKey":3},"size":{"selectedKey":"m"},"iconColor":{"opac":1,"rgb":"var(--TC4)"}},"r1TKuSHtz":{"type":"element","id":"r1TKuSHtz","link":{"val":"r15Z_rSYf","selectedKey":"image"},"animation":{"selectedKey":"left"},"pos":{"x":74,"y":584},"icon":{"selectedKey":3},"size":{"selectedKey":"m"},"iconColor":{"opac":1,"rgb":"var(--TC4)"}}},"p":["Hkf8uHSYG","r1TKuSHtz","BJeOuHHKG"]}},"S13edSBFz":{"type":"image","id":"S13edSBFz","style":{"selectedKey":"textOverlapping"},"txtBg":{"fill":{"opac":0.9,"rgb":"var(--TC6)"}},"bg":{"selectedKey":"image"},"name":{"rType":"text","val":"Answer 1 - Wrong"},"desc":{"rType":"richtext","val":{"ops":[{"insert":"Sorry, wrong answer. ","attributes":{"color":"var(--TC14)"}},{"insert":"\n","attributes":{"size":"large"}},{"insert":" ","attributes":{"color":"var(--TC14)"}},{"insert":"\n","attributes":{"size":"large"}},{"insert":"We must take the time to explain to customers how new digital solutions can help them make better decisions.","attributes":{"color":"var(--TC14)"}},{"insert":"\n","attributes":{"size":"normal"}}]},"padd":53,"hali":"left"},"e":{"i":{"Bk4TOSHKf":{"type":"element","id":"Bk4TOSHKf","link":{"val":"BJYTwSSKM","selectedKey":"image"},"animation":{"selectedKey":"fade"},"pos":{"x":935,"y":52},"icon":{"selectedKey":18},"size":{"selectedKey":"m"},"iconColor":{"opac":1,"rgb":"var(--TC14)"}}},"p":["Bk4TOSHKf"]}},"r15Z_rSYf":{"type":"image","id":"r15Z_rSYf","style":{"selectedKey":"textOverlapping"},"txtBg":{"fill":{"opac":0.8,"rgb":"var(--TC5)"}},"bg":{"selectedKey":"image"},"name":{"rType":"text","val":"Answer 1 - OK"},"desc":{"rType":"richtext","val":{"ops":[{"insert":"That’s right!","attributes":{"color":"var(--TC14)"}},{"insert":"\n\n","attributes":{"size":"huge"}}]}},"e":{"i":{"BkoZFSrFG":{"type":"element","id":"BkoZFSrFG","link":{"val":"H1FMdHBFG","selectedKey":"image"},"animation":{"selectedKey":"fade"},"pos":{"x":491,"y":616},"icon":{"selectedKey":8},"size":{"selectedKey":"l"},"iconColor":{"opac":1,"rgb":"var(--TC14)"}}},"p":["BkoZFSrFG"]}},"H1FMdHBFG":{"type":"image","id":"H1FMdHBFG","style":{"selectedKey":"textOverlapping"},"txtBg":{"fill":{"opac":0.9,"rgb":"var(--TC3)"}},"bg":{"selectedKey":"fill","fill":{"opac":0,"rgb":"#FFF"}},"name":{"rType":"text","val":"Question 2"},"desc":{"rType":"richtext","val":{"ops":[{"insert":"Which of the following attitudes is related to ","attributes":{"color":"var(--TC2)"}},{"insert":"\n","attributes":{"size":"large"}},{"insert":"\"We have integrity\"?","attributes":{"color":"var(--TC2)"}},{"insert":"\n","attributes":{"size":"large"}},{"insert":" ","attributes":{"color":"var(--TC2)"}},{"insert":"\n","attributes":{"size":"medium"}},{"insert":"When customers request a product, I explain all the pros and all the cons so that they understand it and make the decision that best suits them.","attributes":{"color":"var(--TC2)"}},{"insert":"\n","attributes":{"size":"medium"}},{"insert":" ","attributes":{"color":"var(--TC2)"}},{"insert":"\n","attributes":{"size":"medium"}},{"insert":"When customers request a product, I highlight the pros and try to hide the cons, so that they can decide what suits them best.","attributes":{"color":"var(--TC2)"}},{"insert":"\n","attributes":{"size":"medium"}},{"insert":" ","attributes":{"color":"var(--TC2)"}},{"insert":"\n","attributes":{"size":"medium"}},{"insert":"When customers request a product, we provide them with the printed information so they can make the decision that best suits them without wasting our time.","attributes":{"color":"var(--TC2)"}},{"insert":"\n","attributes":{"size":"medium"}}]},"hali":"left","padd":64,"paddV1":60},"e":{"i":{"H1CPFrHYf":{"type":"element","id":"H1CPFrHYf","link":{"val":"HkgSdHHYf","selectedKey":"image"},"animation":{"selectedKey":"left"},"pos":{"x":74,"y":376},"icon":{"selectedKey":3},"size":{"selectedKey":"m"},"iconColor":{"opac":1,"rgb":"var(--TC4)"}},"r1XFFBSKz":{"type":"element","id":"r1XFFBSKz","link":{"val":"rkjXdBBtz","selectedKey":"image"},"animation":{"selectedKey":"fade"},"pos":{"x":74,"y":592},"icon":{"selectedKey":3},"size":{"selectedKey":"m"},"iconColor":{"opac":1,"rgb":"var(--TC4)"}},"ByocFrBFM":{"type":"element","id":"ByocFrBFM","link":{"val":"rkjXdBBtz","selectedKey":"image"},"animation":{"selectedKey":"fade"},"pos":{"x":74,"y":836},"icon":{"selectedKey":3},"size":{"selectedKey":"m"},"iconColor":{"opac":1,"rgb":"var(--TC4)"}}},"p":["H1CPFrHYf","r1XFFBSKz","ByocFrBFM"]}},"rkjXdBBtz":{"type":"image","id":"rkjXdBBtz","style":{"selectedKey":"textOverlapping"},"txtBg":{"fill":{"opac":0.9,"rgb":"var(--TC6)"}},"bg":{"selectedKey":"image"},"name":{"rType":"text","val":"Answer 2 - Wrong"},"desc":{"rType":"richtext","val":{"ops":[{"insert":"Sorry, wrong answer. ","attributes":{"color":"var(--TC14)"}},{"insert":"\n","attributes":{"size":"large"}},{"insert":" ","attributes":{"color":"var(--TC14)"}},{"insert":"\n","attributes":{"size":"medium"}},{"insert":"When we make a mistake, we must admit it to the customer and be quick and agile when offering solutions, without recommending partial or false remedies.","attributes":{"color":"var(--TC14)"}},{"insert":"\n","attributes":{"size":"normal"}}]},"padd":55,"hali":"left"},"e":{"i":{"SyZJ9SrKz":{"type":"element","id":"SyZJ9SrKz","link":{"val":"H1FMdHBFG","selectedKey":"image"},"animation":{"selectedKey":"fade"},"pos":{"x":948,"y":48},"icon":{"selectedKey":18},"size":{"selectedKey":"m"},"iconColor":{"opac":1,"rgb":"var(--TC14)"}}},"p":["SyZJ9SrKz"]}},"HkgSdHHYf":{"bg":{"selectedKey":"image"},"e":{"i":{"BJQ4qSHtG":{"type":"element","id":"BJQ4qSHtG","link":{"val":"BJYTwSSKM","selectedKey":"image"},"animation":{"selectedKey":"fade"},"pos":{"x":496,"y":608},"icon":{"selectedKey":10},"size":{"selectedKey":"l"},"iconColor":{"opac":1,"rgb":"var(--TC14)"}}},"p":["BJQ4qSHtG"]},"lastImage":{"visible":true},"name":{"rType":"text","val":"Answer 2 - OK"},"style":{"selectedKey":"textOverlapping"},"desc":{"rType":"richtext","val":{"ops":[{"insert":"That’s right!","attributes":{"color":"var(--TC14)"}},{"insert":"\n","attributes":{"size":"huge"}}]}},"txtBg":{"fill":{"opac":0.8,"rgb":"var(--TC5)"}},"type":"image","id":"HkgSdHHYf"}},"p":["BJYTwSSKM","S13edSBFz","r15Z_rSYf","H1FMdHBFG","rkjXdBBtz","HkgSdHHYf"]}}}},"v":"1"}