{"i":{"yW4A5TkrU":{"id":"yW4A5TkrU","type":"slide","setup":{"bg":{"selectedKey":"image","fill":{"opac":1,"rgb":"#FFF"},"img":{"filt":{"opac":100,"gray":0,"blur":0,"tint":{"rgb":"var(--TC1)","opac":0.04,"blendMode":"normal"}},"pos":{"type":"crop","fit":{"bg":{"color":{"rgb":"#FFF","opac":100}},"vali":"center","hali":"center"},"crop":{"poi":{"x":706,"y":355}}},"measures":{"size":{"width":1412,"height":613}},"orig":{"rType":"asset","rSubType":"image","fileName":"thanks.jpg","fileSize":221157,"val":"mc-91234b155dbcbd9c1d9d2f6dca3ba298.jpg","aid":"9rMYpsklYN"}}},"transparentBg":{"selectedKey":false},"bord":{"size":0,"rad":0}}},"4xq5ctyawp":{"id":"4xq5ctyawp","type":"interactive","subtype":"interactiveRichText","setup":{"frmeTp":{"selectedKey":"noneFrame"},"bg":{"fill":{"opac":0.8,"rgb":"var(--TC1)"}},"frmeColo":{"color":{"opac":1,"rgb":"#666"}},"txt":{"rType":"richtext","val":{"ops":[{"insert":"Thanks","attributes":{"color":"var(--TC3)","bold":true}},{"insert":"\n","attributes":{"size":"giant"}}]}},"rType":"richtext","vali":"middle","padd":53}}},"v":"1"}