{"i":{"yYMHwrXfx":{"id":"yYMHwrXfx","type":"slide","setup":{"bord":{"size":0,"rad":0},"bg":{"selectedKey":"image","fill":{"opac":1,"rgb":"var(--TC3)"},"img":{"filt":{"opac":100,"gray":0,"blur":0,"tint":{"rgb":"var(--TC3)","opac":0.5,"blendMode":"multiply"}},"pos":{"type":"crop","fit":{"bg":{"color":{"rgb":"#FFF","opac":100}},"vali":"center","hali":"center"},"crop":{"poi":{"x":1072,"y":283}}},"measures":{"size":{"width":1080,"height":591}},"orig":{"rType":"asset","rSubType":"image","fileName":"unsplash.jpg","fileSize":0,"aid":"TndjzPO6FU","val":"mc-6fad3e24bc7585320396fbcdbe08d16e.jpg"}}},"transparentBg":{"selectedKey":false}}},"beNgDn_c7A":{"id":"beNgDn_c7A","type":"interactive","subtype":"interactiveRichText","setup":{"frmeTp":{"selectedKey":"noneFrame"},"bg":{"fill":{"opac":0.9,"rgb":"var(--TC3)"}},"txt":{"rType":"richtext","val":{"ops":[{"insert":"1.1","attributes":{"color":"var(--TC1)","bold":true}},{"insert":"\n","attributes":{"size":"huge"}},{"insert":" ","attributes":{"color":"var(--TC4)"}},{"insert":"\n","attributes":{"size":"large"}},{"insert":"This is your title","attributes":{"color":"var(--TC4)","bold":true}},{"insert":"\n","attributes":{"size":"huge"}},{"insert":" ","attributes":{"color":"var(--TC4)"}},{"insert":"\n","attributes":{"size":"normal"}},{"insert":"With its companion, the subtitle.","attributes":{"color":"var(--TC4)"}},{"insert":"\n","attributes":{"size":"medium"}}]}},"rType":"richtext","hali":"","vali":"middle","paddV1":50}}},"v":"1"}