{"i":{"-Y8alX5Yu":{"id":"-Y8alX5Yu","type":"slide","setup":{"bord":{"size":0,"rad":0},"bg":{"selectedKey":"fill","fill":{"opac":1,"rgb":"var(--TC3)"}},"transparentBg":{"selectedKey":false}}},"M8oGIULK3s":{"id":"M8oGIULK3s","type":"interactive","subtype":"interactiveRichText","setup":{"frmeTp":{"selectedKey":"noneFrame"},"bg":{"fill":{"opac":0,"rgb":"var(--TC3)"}},"rType":"richtext","hali":"left","vali":"middle","txt":{"rType":"richtext","val":{"ops":[{"insert":"MULTIMEDIA","attributes":{"color":"var(--TC1)"}},{"insert":"\n","attributes":{"size":"medium"}},{"insert":" ","attributes":{"color":"var(--TC4)"}},{"insert":"\n","attributes":{"size":"small"}},{"insert":"Video","attributes":{"color":"var(--TC4)","bold":true}},{"insert":"\n","attributes":{"size":"huge"}},{"insert":" ","attributes":{"color":"var(--TC2)"}},{"insert":"\n","attributes":{"size":"large"}},{"insert":"Lorem ipsum dolor sit amet, consectetur adipiscing elit, ","attributes":{"color":"var(--TC2)"}},{"insert":"sed do eiusmod","attributes":{"color":"var(--TC2)","bold":true}},{"insert":" tempor incididunt ut labore et dolore magna aliqua. Ut enim ad minim veniam, quis nostrud exercitation ullamco laboris nisi ut aliquip ex ea commodo consequat. ","attributes":{"color":"var(--TC2)"}},{"insert":"\n","attributes":{"size":"normal"}}]}},"paddV1":20,"frmeColo":{"color":{"opac":1,"rgb":"#000000"}}}},"7eBuZR9xjI":{"id":"7eBuZR9xjI","type":"interactive","subtype":"interactiveVideo","setup":{"cover":{"selectedKey":"image","img":{"filt":{"opac":100,"gray":0,"blur":0,"tint":{"rgb":"var(--TC1)","opac":0.04,"blendMode":"multiply"}},"pos":{"type":"crop","fit":{"bg":{"color":{"rgb":"#FFF","opac":100}},"vali":"center","hali":"center"},"crop":{"poi":{"x":552,"y":360}}},"measures":{"size":{"width":1080,"height":720}},"orig":{"rType":"asset","rSubType":"image","fileName":"unsplash.jpg","fileSize":0,"val":"mc-bdcd8502d33ea8a35aa6bb44941f25f8.jpg","aid":"ztx1my_ob9"}},"fill":{"opac":1,"rgb":"var(--TC2)"}},"controls":{"selectedKey":true},"autoplay":{"selectedKey":false}}}},"v":"1"}