{"i":{"0GwaKrsDI":{"id":"0GwaKrsDI","type":"slide","setup":{"transparentBg":{"selectedKey":false},"bord":{"size":0,"rad":0},"bg":{"selectedKey":"fill","fill":{"opac":1,"rgb":"var(--TC3)"}}}},"EgpJGoWLYA":{"id":"EgpJGoWLYA","type":"interactive","subtype":"interactiveDragDrop","setup":{"cover":{"selectedKey":"image","img":{"filt":{"opac":100,"gray":0,"blur":0,"tint":{"rgb":"var(--TC1)","opac":0.04,"blendMode":"normal"}},"pos":{"type":"crop","fit":{"bg":{"color":{"rgb":"#FFF","opac":100}},"vali":"center","hali":"center"},"crop":{"poi":{"x":540,"y":969.5}}},"measures":{"size":{"width":1080,"height":1348}},"orig":{"rType":"asset","rSubType":"image","fileName":"unsplash.jpg","fileSize":0,"val":"mc-89344eff914232b184e416af2d705a63.jpg","aid":"MyMRXxQLPD"}},"fill":{"opac":1,"rgb":"var(--TC1)"}},"desc":{"rType":"text","val":"Are the following statements \ntrue or false?\n","tag":"p"},"groups":{"i":{"HJJMR9k5z":{"type":"group","id":"HJJMR9k5z","textBg":{"fill":{"opac":1,"rgb":"var(--TC3)"}},"cover":{"selectedKey":"fill","fill":{"opac":0.8,"rgb":"var(--TC9)"}},"text":{"rType":"text","val":"TRUE"},"answers":{"i":{"SJcY05y9G":{"type":"answer","id":"SJcY05y9G","textBg":{"fill":{"opac":1,"rgb":"var(--TC4)"}},"cover":{"selectedKey":"fill","fill":{"opac":0.8,"rgb":"var(--TC3)"}},"text":{"rType":"text","val":"Tom gets up at 10am on Sundays."}},"BkT50ckcG":{"type":"answer","id":"BkT50ckcG","textBg":{"fill":{"opac":1,"rgb":"var(--TC4)"}},"cover":{"selectedKey":"fill","fill":{"opac":0.8,"rgb":"var(--TC3)"}},"text":{"rType":"text","val":"Tom plays tennis with his sister."}},"rkhhC5y5M":{"type":"answer","id":"rkhhC5y5M","textBg":{"fill":{"opac":1,"rgb":"var(--TC4)"}},"cover":{"selectedKey":"fill","fill":{"opac":0.8,"rgb":"var(--TC3)"}},"text":{"rType":"text","val":"Tom and his brother listen to music."}},"rJoTRck5M":{"type":"answer","id":"rJoTRck5M","textBg":{"fill":{"opac":1,"rgb":"var(--TC4)"}},"cover":{"selectedKey":"fill","fill":{"opac":0.8,"rgb":"var(--TC3)"}},"text":{"rType":"text","val":"Tom goes to bed at 11.30pm."}}},"p":["SJcY05y9G","BkT50ckcG","rkhhC5y5M","rJoTRck5M"]}},"SkN7CqJ9G":{"type":"group","id":"SkN7CqJ9G","textBg":{"fill":{"opac":1,"rgb":"var(--TC3)"}},"cover":{"selectedKey":"fill","fill":{"opac":0.8,"rgb":"var(--TC6)"}},"text":{"rType":"text","val":"FALSE"},"answers":{"i":{"r12xJoycf":{"type":"answer","id":"r12xJoycf","textBg":{"fill":{"opac":1,"rgb":"var(--TC4)"}},"cover":{"selectedKey":"fill","fill":{"opac":0.8,"rgb":"var(--TC3)"}},"text":{"rType":"text","val":"Tom reads the newspaper\nin the lounge."}},"Bkh7ko15z":{"type":"answer","id":"Bkh7ko15z","textBg":{"fill":{"opac":1,"rgb":"var(--TC4)"}},"cover":{"selectedKey":"fill","fill":{"opac":0.8,"rgb":"var(--TC3)"}},"text":{"rType":"text","val":"His father lives in Scotland."}},"rkt4yoJqz":{"type":"answer","id":"rkt4yoJqz","textBg":{"fill":{"opac":1,"rgb":"var(--TC4)"}},"cover":{"selectedKey":"fill","fill":{"opac":0.8,"rgb":"var(--TC3)"}},"text":{"rType":"text","val":"Tom and his sister eat before playing tennis."}},"Sk8L1skcz":{"type":"answer","id":"Sk8L1skcz","textBg":{"fill":{"opac":1,"rgb":"var(--TC4)"}},"cover":{"selectedKey":"fill","fill":{"opac":0.8,"rgb":"var(--TC3)"}},"text":{"rType":"text","val":"Tom goes swimming at five o'clock."}},"HkMvkjkqG":{"type":"answer","id":"HkMvkjkqG","textBg":{"fill":{"opac":1,"rgb":"var(--TC4)"}},"cover":{"selectedKey":"fill","fill":{"opac":0.8,"rgb":"var(--TC3)"}},"text":{"rType":"text","val":"Tom drives to his brother's house."}}},"p":["r12xJoycf","Bkh7ko15z","rkt4yoJqz","Sk8L1skcz","HkMvkjkqG"]}}},"p":["HJJMR9k5z","SkN7CqJ9G"]}}},"oJsUrkKQwc":{"id":"oJsUrkKQwc","type":"interactive","subtype":"interactiveRichText","setup":{"frmeTp":{"selectedKey":"noneFrame"},"bg":{"fill":{"opac":0,"rgb":"var(--TC3)"},"selectedKey":"fill"},"frmeColo":{"color":{"opac":1,"rgb":"#007199"}},"txt":{"rType":"richtext","val":{"ops":[{"insert":"EXERCISES","attributes":{"color":"var(--TC1)"}},{"insert":"\n","attributes":{"size":"medium"}},{"insert":" ","attributes":{"color":"var(--TC1)"}},{"insert":"\n","attributes":{"size":"small"}},{"insert":"TRUE","attributes":{"color":"var(--TC5)","bold":true}},{"insert":" or ","attributes":{"color":"var(--TC2)","bold":true}},{"insert":"FALSE","attributes":{"color":"var(--TC6)","bold":true}},{"insert":"\n","attributes":{"size":"large"}},{"insert":"(Read the text first)","attributes":{"color":"var(--TC2)","italic":true}},{"insert":"\n","attributes":{"size":"normal"}},{"insert":" ","attributes":{"color":"var(--TC2)"}},{"insert":"\n","attributes":{"size":"normal"}},{"insert":"On Sunday, Tom gets up at 10 o'clock. Then he reads his newspaper in the kitchen. ","attributes":{"color":"var(--TC2)"}},{"insert":"\n"},{"insert":" ","attributes":{"color":"var(--TC2)"}},{"insert":"\n","attributes":{"size":"small"}},{"insert":"He has breakfast at 11.30 and then he telephones his mother in Scotland.","attributes":{"color":"var(--TC2)"}},{"insert":"\n"},{"insert":" ","attributes":{"color":"var(--TC2)"}},{"insert":"\n","attributes":{"size":"small"}},{"insert":"In the afternoon, at 1.00, Tom plays tennis with his sister and after that, they eat dinner in a restaurant. At 6.00, Tom swims for one hour and then he goes by bike to his ","attributes":{"color":"var(--TC2)"}},{"insert":"\n"},{"insert":"brother's house. They talk and listen to music.","attributes":{"color":"var(--TC2)"}},{"insert":"\n"},{"insert":" ","attributes":{"color":"var(--TC2)"}},{"insert":"\n","attributes":{"size":"small"}},{"insert":"Tom watches television in the evening and drinks a glass of Jack Daniel's whiskey. He goes to bed at 11.30.","attributes":{"color":"var(--TC2)"}},{"insert":"\n","attributes":{"size":"normal"}}]}},"rType":"richtext","padd":40,"vali":"middle"}}},"v":"1"}