{"i":{"ty0hLFj8Blv":{"id":"ty0hLFj8Blv","type":"slide","setup":{"transparentBg":{"selectedKey":false},"bord":{"size":0,"rad":0},"bg":{"selectedKey":"fill","fill":{"opac":1,"rgb":"var(--TC3)"},"img":{"filt":{"opac":100,"gray":0,"blur":0,"tint":{"rgb":"#000000","opac":0.8}},"pos":{"type":"crop","fit":{"bg":{"color":{"rgb":"#FFF","opac":100}},"vali":"center","hali":"center"},"crop":{"poi":{"x":552,"y":360}}},"measures":{"size":{"width":1080,"height":720}}}}}},"7j8UzJQal2X":{"id":"7j8UzJQal2X","type":"interactive","subtype":"interactiveRichText","setup":{"frmeTp":{"selectedKey":"noneFrame"},"bg":{"fill":{"opac":0,"rgb":"var(--TC3)"}},"rType":"richtext","hali":"","vali":"top","txt":{"rType":"richtext","val":{"ops":[{"insert":"Table of","attributes":{"color":"var(--TC4)","bold":true}},{"insert":"\n","attributes":{"size":"huge"}},{"insert":"contents","attributes":{"color":"var(--TC4)","bold":true}},{"insert":"\n","attributes":{"size":"huge"}},{"insert":" ","attributes":{"color":"var(--TC4)"}},{"insert":"\n","attributes":{"size":"huge"}},{"insert":"Euismod lacinia at quis risus sed eu consequat ac felis.","attributes":{"color":"var(--TC4)"}},{"insert":"\n\n","attributes":{"size":"medium"}}]}},"paddV1":40,"frmeColo":{"color":{"opac":1,"rgb":"#000000"}}}},"5U2rBCmpSY6":{"id":"5U2rBCmpSY6","type":"interactive","subtype":"interactiveRichText","setup":{"frmeTp":{"selectedKey":"leftLine"},"bg":{"fill":{"opac":0,"rgb":"var(--TC3)"}},"rType":"richtext","hali":"left","vali":"top","txt":{"rType":"richtext","val":{"ops":[{"insert":"1.","attributes":{"color":"var(--TC1)","bold":true}},{"insert":" Your text here","attributes":{"color":"var(--TC2)","bold":true}},{"insert":"\n","attributes":{"size":"normal"}},{"insert":"1.1 Euismod lacinia at quis risus.","attributes":{"color":"var(--TC2)"}},{"insert":"\n","attributes":{"size":"normal"}},{"insert":"1.2 Eu consequat ac felis donec et.","attributes":{"color":"var(--TC2)"}},{"insert":"\n","attributes":{"size":"normal"}},{"insert":"1.3 Ornare massa eget egestas.","attributes":{"color":"var(--TC2)"}},{"insert":"\n","attributes":{"size":"normal"}},{"insert":" ","attributes":{"color":"var(--TC2)"}},{"insert":"\n","attributes":{"size":"normal"}},{"insert":"2.","attributes":{"color":"var(--TC1)","bold":true}},{"insert":" Your text here","attributes":{"color":"var(--TC2)","bold":true}},{"insert":"\n","attributes":{"size":"normal"}},{"insert":"2.1 Netus et malesuada.","attributes":{"color":"var(--TC2)"}},{"insert":"\n","attributes":{"size":"normal"}},{"insert":"2.2 Porta lorem mollis aliquam.","attributes":{"color":"var(--TC2)"}},{"insert":"\n","attributes":{"size":"normal"}},{"insert":"2.3 Justo laoreet sit amet cursus.","attributes":{"color":"var(--TC2)"}},{"insert":"\n","attributes":{"size":"normal"}},{"insert":"2.4 Et molestie ac feugiat sed lectus sit amet cursus. ","attributes":{"color":"var(--TC2)"}},{"insert":"\n","attributes":{"size":"normal"}},{"insert":"2.5 Tellus orci ac auctor augue.","attributes":{"color":"var(--TC2)"}},{"insert":"\n","attributes":{"size":"normal"}},{"insert":" ","attributes":{"color":"var(--TC2)"}},{"insert":"\n","attributes":{"size":"normal"}},{"insert":"3.","attributes":{"color":"var(--TC1)","bold":true}},{"insert":" Your text here","attributes":{"color":"var(--TC2)","bold":true}},{"insert":"\n","attributes":{"size":"normal"}},{"insert":"3.1 Egestas diam in arcu cursus. ","attributes":{"color":"var(--TC2)"}},{"insert":"\n","attributes":{"size":"normal"}},{"insert":"3.2 Odio tempor orci dapibus.","attributes":{"color":"var(--TC2)"}},{"insert":"\n","attributes":{"size":"normal"}},{"insert":"3.3 Et sollicitudin ac orci phasellus.","attributes":{"color":"var(--TC2)"}},{"insert":"\n","attributes":{"size":"normal"}}]}},"paddV1":15,"frmeColo":{"color":{"opac":0,"rgb":"#fff"}}}},"E4_V1Hdkymv":{"id":"E4_V1Hdkymv","type":"interactive","subtype":"interactiveImage","setup":{"img":{"filt":{"opac":100,"gray":0,"blur":0,"tint":{"rgb":"var(--TC1)","opac":0.04,"blendMode":"normal"}},"pos":{"type":"crop","fit":{"bg":{"color":{"rgb":"#FFF","opac":100}},"vali":"center","hali":"center"},"crop":{"poi":{"x":462,"y":462}}},"measures":{"size":{"width":1080,"height":1350}},"orig":{"rType":"asset","rSubType":"image","fileName":"unsplash.jpg","fileSize":0,"val":"mc-fb28f7f7f155f1a6430b9d5f7524174e.jpg","aid":"4YhDDSi02OO"}}}}},"v":"1"}