{"i":{"3Ll-oD-vFSA":{"id":"3Ll-oD-vFSA","type":"slide","setup":{"bord":{"size":0,"rad":0},"bg":{"selectedKey":"fill","fill":{"opac":1,"rgb":"var(--TC3)"}},"transparentBg":{"selectedKey":false}}},"iCeyINZPfPv":{"id":"iCeyINZPfPv","type":"interactive","subtype":"interactiveRichText","setup":{"frmeTp":{"selectedKey":"noneFrame"},"bg":{"fill":{"opac":0,"rgb":"var(--TC3)"}},"txt":{"rType":"richtext","val":{"ops":[{"insert":"Element with two columns text","attributes":{"color":"var(--TC4)","bold":true}},{"insert":"\n","attributes":{"size":"huge"}},{"insert":" ","attributes":{"color":"var(--TC4)"}},{"insert":"\n","attributes":{"size":"small"}},{"insert":"Subtitle text example","attributes":{"color":"var(--TC4)"}},{"insert":"\n","attributes":{"size":"medium"}}]}},"rType":"richtext","hali":"","vali":"top","paddV1":20}},"8L2eUqeOemn":{"id":"8L2eUqeOemn","type":"interactive","subtype":"interactiveRichText","setup":{"frmeTp":{"selectedKey":"noneFrame"},"bg":{"fill":{"opac":0,"rgb":"var(--TC3)"}},"txt":{"rType":"richtext","val":{"ops":[{"insert":"Lorem ipsum dolor sit amet, consectetur adipiscing elit, sed do eiusmod tempor incididunt ut labore et dolore magna aliqua. Ut enim ad minim veniam, quis nostrud exercitation ullamco laboris nisi ut aliquip ex ea commodo consequat.","attributes":{"color":"var(--TC2)"}},{"insert":"\n"},{"insert":" ","attributes":{"color":"var(--TC2)"}},{"insert":"\n"},{"insert":"Risus sed vulputate odio ut enim. Risus viverra adipiscing at in. Nec ultrices dui sapien eget. Tortor at risus viverra adipiscing at in tellus. Risus sed vulputate odio ut enim.","attributes":{"color":"var(--TC2)"}},{"insert":"\n"}]}},"rType":"richtext","paddV1":20,"hali":""}},"W04HM5n-wE_":{"id":"W04HM5n-wE_","type":"interactive","subtype":"interactiveRichText","setup":{"frmeTp":{"selectedKey":"noneFrame"},"bg":{"fill":{"opac":0,"rgb":"var(--TC3)"}},"txt":{"rType":"richtext","val":{"ops":[{"insert":"Nec ultrices dui sapien eget. Tortor at risus viverra adipiscing at in tellus. Risus sed vulputate odio ut enim. Risus viverra adipiscing at in. Nec ultrices dui sapien eget. ","attributes":{"color":"var(--TC2)"}},{"insert":"\n","attributes":{"size":"normal"}},{"insert":" ","attributes":{"color":"var(--TC2)"}},{"insert":"\n","attributes":{"size":"normal"}},{"insert":"Tortor at risus viverra adipiscing at in tellus. Risus sed vulputate odio ut enim. Risus viverra adipiscing at in. Nec ultrices dui sapien eget. Tortor at risus viverra adipiscing at in tellus. Risus sed vulputate odio ut enim viverra adipiscing.","attributes":{"color":"var(--TC2)"}},{"insert":"\n","attributes":{"size":"normal"}}]}},"rType":"richtext","hali":"","frmeColo":{"color":{"opac":1,"rgb":"#666"}},"paddV1":20}},"xP44eIhIGSF":{"id":"xP44eIhIGSF","type":"interactive","subtype":"interactiveImage","setup":{"img":{"filt":{"opac":100,"gray":0,"blur":0,"tint":{"rgb":"var(--TC1)","opac":0.04}},"pos":{"type":"crop","fit":{"bg":{"color":{"rgb":"#FFF","opac":100}},"vali":"center","hali":"center"},"crop":{"poi":{"x":540,"y":703.5}}},"measures":{"size":{"width":1080,"height":1080}},"orig":{"rType":"asset","rSubType":"image","fileName":"unsplash.jpg","fileSize":0,"val":"mc-aae002798370cfb7d115a97bb8a2ba89.jpg","aid":"0HnBvr8YAFD"}}}}},"v":"1"}